{
  "n": 8500,
  "elapsed_sec": 6232.205995082855,
  "sec_per_sample": 0.7332007053038653
}