{
  "n": 8500,
  "elapsed_sec": 1848.025334596634,
  "sec_per_sample": 0.21741474524666282
}