{
  "n": 8500,
  "elapsed_sec": 1824.177669286728,
  "sec_per_sample": 0.21460913756314445
}