{
  "n": 8500,
  "elapsed_sec": 3052.437423467636,
  "sec_per_sample": 0.3591102851138395
}