{
  "n": 8500,
  "elapsed_sec": 2102.16122508049,
  "sec_per_sample": 0.24731308530358706
}